<?xml version="1.0" encoding="UTF-8"?>
<project-private xmlns="http://www.netbeans.org/ns/project-private/1">
    <editor-bookmarks xmlns="http://www.netbeans.org/ns/editor-bookmarks/2" lastBookmarkId="0"/>
    <open-files xmlns="http://www.netbeans.org/ns/projectui-open-files/2">
        <group>
            <file>file:/Users/yash/Desktop/SecretSanta1/src/java/com/santa/dao/AssignmentDAO.java</file>
            <file>file:/Users/yash/Desktop/SecretSanta1/src/java/com/santa/dao/ConnectionFactory.java</file>
            <file>file:/Users/yash/Desktop/SecretSanta1/src/java/com/santa/dao/UserDAO.java</file>
            <file>file:/Users/yash/Desktop/SecretSanta1/src/java/com/santa/servlet/AssignServlet.java</file>
            <file>file:/Users/yash/Desktop/SecretSanta1/src/java/com/santa/servlet/LoginServlet.java</file>
            <file>file:/Users/yash/Desktop/SecretSanta1/src/java/com/santa/servlet/LogoutServlet.java</file>
            <file>file:/Users/yash/Desktop/SecretSanta1/src/java/com/santa/servlet/RegisterServlet.java</file>
            <file>file:/Users/yash/Desktop/SecretSanta1/web/login.jsp</file>
            <file>file:/Users/yash/Desktop/SecretSanta1/web/register.jsp</file>
            <file>file:/Users/yash/Desktop/SecretSanta1/web/dashboard.jsp</file>
            <file>file:/Users/yash/Desktop/SecretSanta1/src/java/com/santa/model/User.java</file>
            <file>file:/Users/yash/Desktop/SecretSanta1/web/success.jsp</file>
            <file>file:/Users/yash/Desktop/SecretSanta1/src/java/com/santa/model/Assignment.java</file>
            <file>file:/Users/yash/Desktop/SecretSanta1/web/admin.jsp</file>
            <file>file:/Users/yash/Desktop/SecretSanta1/web/index.jsp</file>
        </group>
    </open-files>
</project-private>
