<?xml version="1.0" encoding="UTF-8"?>
<project-private xmlns="http://www.netbeans.org/ns/project-private/1">
    <editor-bookmarks xmlns="http://www.netbeans.org/ns/editor-bookmarks/2" lastBookmarkId="0"/>
    <open-files xmlns="http://www.netbeans.org/ns/projectui-open-files/2">
        <group>
            <file>file:/Users/yash/NetBeansProjects/Project1/src/java/com/secretsanta/servlets/LoginServlet.java</file>
            <file>file:/Users/yash/NetBeansProjects/Project1/web/index.jsp</file>
            <file>file:/Users/yash/NetBeansProjects/Project1/web/login.jsp</file>
            <file>file:/Users/yash/NetBeansProjects/Project1/web/signup.jsp</file>
            <file>file:/Users/yash/NetBeansProjects/Project1/web/dashboard.jsp</file>
            <file>file:/Users/yash/NetBeansProjects/Project1/web/wishlist.jsp</file>
            <file>file:/Users/yash/NetBeansProjects/Project1/web/anon_inbox.jsp</file>
            <file>file:/Users/yash/NetBeansProjects/Project1/web/poll_view.jsp</file>
            <file>file:/Users/yash/NetBeansProjects/Project1/web/stories.jsp</file>
            <file>file:/Users/yash/NetBeansProjects/Project1/web/story_add.jsp</file>
            <file>file:/Users/yash/NetBeansProjects/Project1/web/guess_game.jsp</file>
            <file>file:/Users/yash/NetBeansProjects/Project1/web/challenges.jsp</file>
            <file>file:/Users/yash/NetBeansProjects/Project1/web/admin/admin_dashboard.jsp</file>
            <file>file:/Users/yash/NetBeansProjects/Project1/web/admin/admin_hints.jsp</file>
            <file>file:/Users/yash/NetBeansProjects/Project1/web/admin/admin_assignments.jsp</file>
            <file>file:/Users/yash/NetBeansProjects/Project1/web/admin/admin_polls.jsp</file>
            <file>file:/Users/yash/NetBeansProjects/Project1/web/admin/admin_users.jsp</file>
            <file>file:/Users/yash/NetBeansProjects/Project1/web/assets/js/script.js</file>
            <file>file:/Users/yash/NetBeansProjects/Project1/web/assets/css/style.css</file>
            <file>file:/Users/yash/NetBeansProjects/Project1/web/WEB-INF/views/participant/wishlist_view.jsp</file>
            <file>file:/Users/yash/NetBeansProjects/Project1/web/WEB-INF/views/participant/challenge_submit.jsp</file>
            <file>file:/Users/yash/NetBeansProjects/Project1/web/WEB-INF/views/participant/profile.jsp</file>
            <file>file:/Users/yash/NetBeansProjects/Project1/web/WEB-INF/views/includes/header.jsp</file>
            <file>file:/Users/yash/NetBeansProjects/Project1/web/WEB-INF/views/includes/navbar.jsp</file>
            <file>file:/Users/yash/NetBeansProjects/Project1/web/WEB-INF/views/includes/footer.jsp</file>
            <file>file:/Users/yash/NetBeansProjects/Project1/src/java/com/secretsanta/utils/DBConnection.java</file>
            <file>file:/Users/yash/NetBeansProjects/Project1/src/java/com/secretsanta/utils/BadgeService.java</file>
            <file>file:/Users/yash/NetBeansProjects/Project1/src/java/com/secretsanta/utils/HintGenerator.java</file>
            <file>file:/Users/yash/NetBeansProjects/Project1/src/java/com/secretsanta/filters/AuthFilter.java</file>
            <file>file:/Users/yash/NetBeansProjects/Project1/src/java/com/secretsanta/filters/RoleFilter.java</file>
            <file>file:/Users/yash/NetBeansProjects/Project1/src/java/com/secretsanta/models/User.java</file>
            <file>file:/Users/yash/NetBeansProjects/Project1/src/java/com/secretsanta/models/WishlistItem.java</file>
            <file>file:/Users/yash/NetBeansProjects/Project1/src/java/com/secretsanta/models/AnonMessage.java</file>
            <file>file:/Users/yash/NetBeansProjects/Project1/src/java/com/secretsanta/models/Hint.java</file>
            <file>file:/Users/yash/NetBeansProjects/Project1/src/java/com/secretsanta/models/Poll.java</file>
            <file>file:/Users/yash/NetBeansProjects/Project1/src/java/com/secretsanta/models/PollOption.java</file>
            <file>file:/Users/yash/NetBeansProjects/Project1/src/java/com/secretsanta/models/Story.java</file>
            <file>file:/Users/yash/NetBeansProjects/Project1/src/java/com/secretsanta/models/Guess.java</file>
            <file>file:/Users/yash/NetBeansProjects/Project1/src/java/com/secretsanta/models/Challenge.java</file>
            <file>file:/Users/yash/NetBeansProjects/Project1/src/java/com/secretsanta/models/ChallengeSubmission.java</file>
            <file>file:/Users/yash/NetBeansProjects/Project1/src/java/com/secretsanta/models/Assignment.java</file>
            <file>file:/Users/yash/NetBeansProjects/Project1/src/java/com/secretsanta/dao/UserDAO.java</file>
            <file>file:/Users/yash/NetBeansProjects/Project1/src/java/com/secretsanta/dao/WishlistDAO.java</file>
            <file>file:/Users/yash/NetBeansProjects/Project1/src/java/com/secretsanta/dao/AnonMessageDAO.java</file>
            <file>file:/Users/yash/NetBeansProjects/Project1/src/java/com/secretsanta/dao/HintDAO.java</file>
            <file>file:/Users/yash/NetBeansProjects/Project1/src/java/com/secretsanta/dao/PollDAO.java</file>
            <file>file:/Users/yash/NetBeansProjects/Project1/src/java/com/secretsanta/dao/StoryDAO.java</file>
            <file>file:/Users/yash/NetBeansProjects/Project1/src/java/com/secretsanta/dao/GuessDAO.java</file>
            <file>file:/Users/yash/NetBeansProjects/Project1/src/java/com/secretsanta/dao/ChallengeDAO.java</file>
            <file>file:/Users/yash/NetBeansProjects/Project1/src/java/com/secretsanta/dao/AssignmentDAO.java</file>
            <file>file:/Users/yash/NetBeansProjects/Project1/src/java/com/secretsanta/servlets/SignupServlet.java</file>
            <file>file:/Users/yash/NetBeansProjects/Project1/src/java/com/secretsanta/servlets/LogoutServlet.java</file>
            <file>file:/Users/yash/NetBeansProjects/Project1/src/java/com/secretsanta/servlets/WishlistServlet.java</file>
            <file>file:/Users/yash/NetBeansProjects/Project1/src/java/com/secretsanta/servlets/AnonMessageServlet.java</file>
            <file>file:/Users/yash/NetBeansProjects/Project1/src/java/com/secretsanta/servlets/AnonInboxServlet.java</file>
            <file>file:/Users/yash/NetBeansProjects/Project1/src/java/com/secretsanta/servlets/PollServlet.java</file>
            <file>file:/Users/yash/NetBeansProjects/Project1/src/java/com/secretsanta/servlets/PollVoteServlet.java</file>
            <file>file:/Users/yash/NetBeansProjects/Project1/src/java/com/secretsanta/servlets/StoryServlet.java</file>
            <file>file:/Users/yash/NetBeansProjects/Project1/src/java/com/secretsanta/servlets/GuessServlet.java</file>
            <file>file:/Users/yash/NetBeansProjects/Project1/src/java/com/secretsanta/servlets/ChallengeServlet.java</file>
            <file>file:/Users/yash/NetBeansProjects/Project1/src/java/com/secretsanta/servlets/AdminHintServlet.java</file>
            <file>file:/Users/yash/NetBeansProjects/Project1/src/java/com/secretsanta/servlets/AdminAssignmentServlet.java</file>
            <file>file:/Users/yash/NetBeansProjects/Project1/src/java/com/secretsanta/servlets/AdminPollServlet.java</file>
            <file>file:/Users/yash/NetBeansProjects/Project1/src/java/com/secretsanta/servlets/AdminUserServlet.java</file>
            <file>file:/Users/yash/NetBeansProjects/Project1/src/java/com/secretsanta/dao/ChallengeSubmissionDAO.java</file>
            <file>file:/Users/yash/NetBeansProjects/Project1/web/WEB-INF/web.xml</file>
        </group>
    </open-files>
</project-private>
